Latitude,Longitude,Departement,"""Titre""","""Thematique""","""Forme""",Date,Date fin,Horaire,"""Lieu""","""Organisateurs""",Informations,Lien,Prix,Adresse,Code postal,Ville,Full Address,Site Traces,Lien,Prix,Adresse,Code postal,Ville,Full Address,Site Traces
45.76775,4.8179639,Rhone,"""SOIRÉE D'OUVERTURE DE LA BIENNALE TRACES""","""20 ans""","""Rencontre, Danse / Performance, Concert""",44111,44111,,"""Les Subs""","""LES SUBS en partenariat avec le réseau Traces, Res Publica, l'Atelier des artistes en exil, CMTRA""",reseau.traces@gmail.com,www.les-subs.com,Gratuit sur réservation,8bis Quai Saint-Vincent,69001,Lyon,8bis Quai Saint-Vincent 69001 Lyon ,,www.les-subs.com,Gratuit sur réservation,8bis Quai Saint-Vincent,69001,Lyon,8bis Quai Saint-Vincent 69001 Lyon ,
45.78429,4.8525119,Rhone,"""Comme un parfum d’aventure""","""""","""Exposition, Visite commentée""",44111,44199,,"""Musée d’art contemporain""","""Musée d’art contemporain de Lyon et le Musée des Beaux-arts de Lyon""",Service des publics : 04 72 69 17 19 ,hwww.mac-lyon.com/fr,,81 quai Charles de Gaulle,69006,Lyon,81 quai Charles de Gaulle 69006 Lyon ,,hwww.mac-lyon.com/fr,,81 quai Charles de Gaulle,69006,Lyon,81 quai Charles de Gaulle 69006 Lyon ,
45.7469504,4.8275673,Rhone,"""ROCK AGAINST POLICE""","""Luttes, Quartiers populaires""","""""",44113,44113,,"""Périscope""","""le Périscope""",periscope.communication@gmail.com,periscope-lyon.com,Gratuit,13 rue Delandine,69002,Lyon,13 rue Delandine 69002 Lyon ,,periscope-lyon.com,Gratuit,13 rue Delandine,69002,Lyon,13 rue Delandine 69002 Lyon ,
45.758993,4.9257392,Rhone,"""Aux origines du peuple vaudais / L'usine TASE""","""Travail""","""Visite, Exposition, Concert""",44114,44114,,"""Usine TASE""","""Vive la TASE !""",06 84 35 28 71,www.ensemble-cusset-tase.com,Gratuit,11 Avenue Bataillon Carmagnole Liberté,69120,Vaulx-en-Velin,11 Avenue Bataillon Carmagnole Liberté 69120 Vaulx-en-Velin ,,www.ensemble-cusset-tase.com,Gratuit,11 Avenue Bataillon Carmagnole Liberté,69120,Vaulx-en-Velin,11 Avenue Bataillon Carmagnole Liberté 69120 Vaulx-en-Velin ,
45.775232,4.818003099999999,Rhone,"""Migrations en Revues""","""""","""Forum des revues, Conférence / Table ronde, Autre""",44117,44117,,"""Villa Gillet""","""Villa Gillet et la revue Écarts d'Identité""",,www.villagillet.net,Gratuit sur réservation,25 Rue Chazière,69004,Lyon,25 Rue Chazière 69004 Lyon ,,www.villagillet.net,Gratuit sur réservation,25 Rue Chazière,69004,Lyon,25 Rue Chazière 69004 Lyon ,
45.7618326,4.910877,Rhone,"""Villeurbanne la cosmopolite, histoire des migrations""","""Hospitalité""","""Visite commentée""",44115,44115,,"""Cimetière Nouveau de Cusset""","""Chantal Jane Buisson Historienne, guide culturelle et auteure""",RDV devant l'entrée principale.,,Gratuit,192 rue Léon Blum,69100,Villeurbanne,192 rue Léon Blum 69100 Villeurbanne ,,,Gratuit,192 rue Léon Blum,69100,Villeurbanne,192 rue Léon Blum 69100 Villeurbanne ,
45.7451126,4.8478314,Rhone,"""Les Pionniers Africains de Lyon""","""Histoire coloniale""","""Projection""",44119,44119,,"""MJC Jean Macé""","""Alexandre Bonche et la MJC Jean Macé, en partenariat avec Collectif Africa 50""",,www.mjcjeanmace.com,Prix libre,38 rue Camille Roy,69007,Lyon,38 rue Camille Roy 69007 Lyon ,,www.mjcjeanmace.com,Prix libre,38 rue Camille Roy,69007,Lyon,38 rue Camille Roy 69007 Lyon ,
45.8163391,4.9024652,Rhone,"""CARTE DE SÉJOUR et RACHID TAHA, de Rillieux-la-Pape au succès international !  - VENDREDI 16 OCTOBRE""","""Expression artistique des personnes migrantes""","""Concert, Exposition, Conférence / Table ronde""",44120,44120,,"""Au Studio CCNR""","""""",,,"Entrée gratuite, réservation obligatoire",2 allée Colette,69140,Rillieux-la-Pape,2 allée Colette 69140 Rillieux-la-Pape ,,,"Entrée gratuite, réservation obligatoire",2 allée Colette,69140,Rillieux-la-Pape,2 allée Colette 69140 Rillieux-la-Pape ,
45.8141458,4.9002173,Rhone,"""CARTE DE SÉJOUR et RACHID TAHA, de Rillieux-la-Pape au succès international !  - SAMEDI 17 OCTOBRE""","""Expression artistique des personnes migrantes""","""Concert, Exposition, Conférence / Table ronde""",44121,44121,,"""MJC Ô Totem""","""""",,,"Entrée gratuite, réservation obligatoire",9Bis Avenue du Général Leclerc,69140,Rillieux-la-Pape,9Bis Avenue du Général Leclerc 69140 Rillieux-la-Pape ,,,"Entrée gratuite, réservation obligatoire",9Bis Avenue du Général Leclerc,69140,Rillieux-la-Pape,9Bis Avenue du Général Leclerc 69140 Rillieux-la-Pape ,
45.8180012,4.9026743,Rhone,"""CARTE DE SÉJOUR et RACHID TAHA, de Rillieux-la-Pape au succès international !  - DIMANCHE 18 OCTOBRE""","""Expression artistique des personnes migrantes""","""Concert, Exposition, Conférence / Table ronde""",44122,44122,,"""CinéRillieux""","""""",,,5,81 bis Avenue de l'Europe,69140,Rillieux-la-Pape,81 bis Avenue de l'Europe 69140 Rillieux-la-Pape ,,,5,81 bis Avenue de l'Europe,69140,Rillieux-la-Pape,81 bis Avenue de l'Europe 69140 Rillieux-la-Pape ,
45.7676905,4.8353706,Rhone,"""Le 17 octobre 1961""","""Histoire coloniale""","""Projection, Conférence / Table ronde
""",44121,44121,,"""Opéra Underground""","""l'Opéra Underground""",contact@opera-underground.com,www.opera-underground.com,Gratuit dans la limite des places disponibles.,1 place de la Comédie,69001,Lyon,1 place de la Comédie 69001 Lyon ,,www.opera-underground.com,Gratuit dans la limite des places disponibles.,1 place de la Comédie,69001,Lyon,1 place de la Comédie 69001 Lyon ,
45.761685,4.8859622,Rhone,"""Trajectoires croisées, Cies Waninga & La nouvelle Fabrique""","""Hospitalité""","""Théâtre""",44121,44121,,"""La Balise 46 - MJC de Villeurbanne""","""LA Balise 46 - MJC de Villeurbanne & Centre social Cusset""","04 78 84 84 83 – contact@mjc-villeurbanne.org",www.mjc-villeurbanne.org,7 € - Réservation recommandée,46 Cours du Dr Jean Damidot,69100,Lyon,46 Cours du Dr Jean Damidot 69100 Lyon ,,www.mjc-villeurbanne.org,7 € - Réservation recommandée,46 Cours du Dr Jean Damidot,69100,Lyon,46 Cours du Dr Jean Damidot 69100 Lyon ,
45.7677997,4.8875907,Rhone,"""Chaaba, du Bled au bidonville""","""Habitat, Histoire coloniale""","""Projection""",44121,44121,,"""Centre culturel et de la vie associative (CCVA)""","""""",04 78 79 26 16,,,234 Cours Émile Zola,69100,Villeurbanne,234 Cours Émile Zola 69100 Villeurbanne ,,,,234 Cours Émile Zola,69100,Villeurbanne,234 Cours Émile Zola 69100 Villeurbanne ,
45.770568,4.874349,Rhone,"""Il Mio Corpo""","""""","""Projection, Débat""",44123,44124,,"""Cinéma le Zola""","""le Cinéma Le Zola""",evenements@lezola.com,www.lezola.com,"5,80 € / 6,80 €",117 cours Emile Zola,69100,Villeurbanne,117 cours Emile Zola 69100 Villeurbanne ,,www.lezola.com,"5,80 € / 6,80 €",117 cours Emile Zola,69100,Villeurbanne,117 cours Emile Zola 69100 Villeurbanne ,
45.7499519,4.8577064,Rhone,""" Trait d’union , Exposition d’art africain""","""""","""Exposition""",44123,44135,,"""Carrefour des Cultures Africaines""","""Carrefour des Cultures Africaines (C.C.A)""",04 78 58 45 70 – 07 68 41 25 64 – secretaire.cca@gmail.com,www.carrefourculturesafricaines.org,,150 Cours Gambetta,69007,Lyon,150 Cours Gambetta 69007 Lyon ,,www.carrefourculturesafricaines.org,,150 Cours Gambetta,69007,Lyon,150 Cours Gambetta 69007 Lyon ,
45.7499519,4.8577064,Rhone,"""La repentance coloniale ? Histoire d’un mouvement de revendications de réparations de dettes coloniales dans l’opinion publique française (1981- 2012)""","""Histoire coloniale""","""Conférence / Table ronde, Débat""",44125,44125,,"""Carrefour des Cultures Africaines""","""Carrefour des Cultures Africaines (C.C.A)""",04 78 58 45 70 – 07 68 41 25 64 – secretaire.cca@gmail.com,www.carrefourculturesafricaines.org,,150 Cours Gambetta,69007,Lyon,150 Cours Gambetta 69007 Lyon ,,www.carrefourculturesafricaines.org,,150 Cours Gambetta,69007,Lyon,150 Cours Gambetta 69007 Lyon ,
45.775232,4.818003099999999,Rhone,"""Chili, Les temps des humbles ""","""""","""Conférence / Table ronde, Littérature / Poésie""",44125,44125,,"""Villa Gillet""","""Nouveaux Espaces Latino-Américains""",Direction3@espaces-latinos.org – Olga Barry 07 72 38 73 53 – Januario Espinosa : 06 15 56 34 60,www.espaces-latinos.org,Gratuit,25 rue Chazière,69004,Lyon,25 rue Chazière 69004 Lyon ,,www.espaces-latinos.org,Gratuit,25 rue Chazière,69004,Lyon,25 rue Chazière 69004 Lyon ,
45.77842260000001,4.837246599999999,Rhone,"""Bienvenue au Collège sans frontières Maurice Scève""","""Expression artistique des personnes migrantes""","""Projection documentaire, Concert""",44134,44134,,"""Collège Maurice Scève""","""Collectif soutien et habitants du collège Maurice Scève""",severine.gedzelman@ouvaton.org,,Prix libre au bénéfice des jeunes du collège,rue Louis Thévenet,69001,Lyon,rue Louis Thévenet 69001 Lyon ,,,Prix libre au bénéfice des jeunes du collège,rue Louis Thévenet,69001,Lyon,rue Louis Thévenet 69001 Lyon ,
45.7598334,4.8837963,Rhone,"""Mémoires d’immigrés, Yasmina Benguigui""","""20 ans du Réseau TRACES""","""Projection""",44135,44135,,"""Le Rize""","""Le Rize et le réseau Traces""",Accueil renseignements 04 37 57 17 17,lerize.villeurbanne.fr,"Entrée libre, sur réservation",23 Rue Valentin Hauy,69100,Villeurbanne,23 Rue Valentin Hauy 69100 Villeurbanne ,,lerize.villeurbanne.fr,"Entrée libre, sur réservation",23 Rue Valentin Hauy,69100,Villeurbanne,23 Rue Valentin Hauy 69100 Villeurbanne ,
45.764043,4.835659,Rhone,"""Festival INTERFERENCES « Cinéma et Sciences » - 5ème édition""","""""","""Projection, Débat""",44139,44149,,"""""","""SCÈNES PUBLIQUES""",,www.lacitedoc.com/festival-interferences,,,,Lyon,  Lyon ,,www.lacitedoc.com/festival-interferences,,,,Lyon,  Lyon ,
45.8223148,4.910175199999999,Rhone,"""Djazia Satour & Yiazaal""","""Expression artistique des personnes migrantes""","""Concert""",44140,44140,,"""Espace 140""","""Transmetteurs Rillieux-la-Pape""",transmetteurs@rillieuxlapape.fr,www.transmetteurs.fr,10 € / 15 €,291 rue d’Athènes,69140,Rillieux-la-Pape,291 rue d’Athènes 69140 Rillieux-la-Pape ,,www.transmetteurs.fr,10 € / 15 €,291 rue d’Athènes,69140,Rillieux-la-Pape,291 rue d’Athènes 69140 Rillieux-la-Pape ,
45.7598334,4.8837963,Rhone,"""INSTRUMENTS VOYAGEURS""","""Expression artistique des personnes migrantes""","""Exposition""",44140,44464,,"""Le Rize""","""Le Rize, le Centre des Musiques Traditionnelles Rhône Alpes et l’École Nationale de Musique de Villeurbanne""",Accueil renseignements : 04 37 57 17 17,lerize.villeurbanne.fr,"Entrée libre, sur réservation",23 rue Valentin Hauy,69100,Villeurbanne,23 rue Valentin Hauy 69100 Villeurbanne ,,lerize.villeurbanne.fr,"Entrée libre, sur réservation",23 rue Valentin Hauy,69100,Villeurbanne,23 rue Valentin Hauy 69100 Villeurbanne ,
45.7465784,4.8266227,Rhone,"""Migrants catholiques dans une société plurielle""","""Expression artistique des personnes migrantes""","""Conférence / Table ronde""",44140,44141,,"""Université Catholique de Lyon (Pôle Carnot)""","""Université catholique de Lyon. Valérie Aubourg et Cécile Campergue.""",,www.relimig.ucly.fr,Ouvert au public,10 Place des Archives,69002,Lyon,10 Place des Archives 69002 Lyon ,,www.relimig.ucly.fr,Ouvert au public,10 Place des Archives,69002,Lyon,10 Place des Archives 69002 Lyon ,
,,Rhone,"""Les voix des personnes concernées. Échanges et réflexions pour contribuer à une société inclusive ""","""Santé mentale""","""Projection""",44140,44141,,"""Centre Hospitalier le Vinatier""","""le collectif « Tou∙te∙s concerné∙e∙s ! » et l’Orspere-Samdarra""",orspere-samdarra@ch-le-vinatier.fr,www.ch-le-vinatier.fr/orspere-samdarra,,,,,   ,,www.ch-le-vinatier.fr/orspere-samdarra,,,,,   ,
,,Rhone,"""Causons, des migrations""","""Langues""","""Conférence / Table ronde""",44141,44141,,"""""","""Causons""",lyon@causons.org,causons.org,Prix libre,,,,   ,,causons.org,Prix libre,,,,   ,
45.759949,4.8312788,Rhone,"""Échos de la fabrique – Syndicalisation et luttes des femmes de ménage et agents d’entretien""","""Travail, Luttes""","""Conférence / Table ronde, Atelier / Formation
""",44142,44142,,"""Théâtre de Célestins""","""Le Collectif X et l'Harmonie Communale""",04 72 77 40 00,www.echosdelafabrique.net,Gratuit – sur réservation,4 rue Charles Dullin,69002,Lyon,4 rue Charles Dullin 69002 Lyon ,,www.echosdelafabrique.net,Gratuit – sur réservation,4 rue Charles Dullin,69002,Lyon,4 rue Charles Dullin 69002 Lyon ,
45.75793160000001,4.825008899999999,Rhone,"""L’ALGERIE A CŒUR, Cie Passeurs de mémoires""","""Expression artistique des personnes migrantes""","""Lecture, Théâtre""",44142,44142,Deux séances à 16h  et 20h,"""Maison des Passages ""","""Passeurs de Mémoires, Coup de Soleil Auvergne Rhône-Alpes et la Maison des Passages""",maisondespassages@orange.fr – 04 78 42 19 04,maisondespassages.org,12 € - réservation obligatoire,44 rue Saint-Georges,69005,Lyon,44 rue Saint-Georges 69005 Lyon ,,maisondespassages.org,12 € - réservation obligatoire,44 rue Saint-Georges,69005,Lyon,44 rue Saint-Georges 69005 Lyon ,
45.7555924,4.8456701,Rhone,"""Corps en Grève ""","""Travail, Luttes""","""Rencontre, Exposition""",44145,44145,17h,"""Centre Social Bonnefoi""","""Centre Social Bonnefoi""",culture@csbonnefoi.fr,www.csbonnefoi.fr,Gratuit,5 rue Bonnefoi,69003,Lyon,5 rue Bonnefoi 69003 Lyon ,,www.csbonnefoi.fr,Gratuit,5 rue Bonnefoi,69003,Lyon,5 rue Bonnefoi 69003 Lyon ,
45.736846,4.8200677,Rhone,"""Frontières et migrations entre le Mexique et les USA""","""Frontières""","""Conférence / Table ronde""",44147,44147,18h30,"""École urbaine de Lyon""","""""",ecole.urbaine@universite-lyon.fr,,Entrée libre sur réservation,71 Quai Perrache,69002,Lyon,71 Quai Perrache 69002 Lyon ,,,Entrée libre sur réservation,71 Quai Perrache,69002,Lyon,71 Quai Perrache 69002 Lyon ,
45.7451126,4.8478314,Rhone,"""Restez chez vous ? Quid de la crise sanitaire dans les quartiers populaires ?""","""Discriminations, Solidarités, Quartiers populaires""","""Conférence / Table ronde""",44147,44147,18h,"""MJC Jean Macé""","""réseau Traces et la MJC Jean Macé""",www.mjcjeanmace.com,04 78 58 73 10 – culture@mjcjeanmace.fr,Gratuit sur réservation,38 Rue Camille Roy,69007,Lyon,38 Rue Camille Roy 69007 Lyon ,,04 78 58 73 10 – culture@mjcjeanmace.fr,Gratuit sur réservation,38 Rue Camille Roy,69007,Lyon,38 Rue Camille Roy 69007 Lyon ,
,,Rhone,"""Vaulx-en-Velin - fiche manquante""","""""","""""",,,,"""""","""""",,,,,,,   ,,,,,,,   ,
45.7469504,4.8275673,Rhone,"""MAGHREB K7 CLUB""","""Expression artistique des personnes migrantes""","""Conférence / Table ronde, Concert""",44152,44152,19h30,"""Périscope""","""Le Périscope, le réseau Traces, Sofa Records, Bongo Joe, et le CMTRA.""",periscope-lyon.com,periscope.communication@gmail.com,Gratuit,13 rue Delandine,69002,Lyon,13 rue Delandine 69002 Lyon ,,periscope.communication@gmail.com,Gratuit,13 rue Delandine,69002,Lyon,13 rue Delandine 69002 Lyon ,
45.761685,4.8859622,Rhone,""" Amphi Z - On vit ici, on reste ici ! ""","""Habitat""","""Projection, Débat""",44153,44153,19h30,"""LA Balise 46""","""LA Balise 46, Tillandsia, la MJC de Villeurbanne""",04 78 84 84 83 – contact@mjc-villeurbanne.org,tillandsia-video.com,Prix libre – réservation recommandée,46 Cours du Dr Jean Damidot,69100,Villeurbanne,46 Cours du Dr Jean Damidot 69100 Villeurbanne ,,tillandsia-video.com,Prix libre – réservation recommandée,46 Cours du Dr Jean Damidot,69100,Villeurbanne,46 Cours du Dr Jean Damidot 69100 Villeurbanne ,
45.7640568,4.827593999999999,Rhone,""" Les foyers de travailleurs immigrés à l'épreuve du temps (et de la crise sanitaire) ""","""20 ans du réseau Traces, Travail, Habitat""","""Conférence / Table ronde""",44154,44154,19h,"""Musées Gadagne""","""le réseau Traces et le Musée Gadagne""",04 78 42 03 61,www.gadagne.musees.lyon.fr,Gratuit,1 Place du Petit Collège,69005,Lyon,1 Place du Petit Collège 69005 Lyon ,,www.gadagne.musees.lyon.fr,Gratuit,1 Place du Petit Collège,69005,Lyon,1 Place du Petit Collège 69005 Lyon ,
45.737232,4.8685595,Rhone,"""Préserver l’hospitalité, Usages et appropriations des lieux d’accueil en métropole lyonnaise""","""Hospitalité""","""Conférence / Table ronde""",44155,44155,14h30,"""Auditorium de la médiathèque du Bachut""","""LALCA - Laboratoire d’Architectes-Lutteurs Chercheurs-Artistes.""",contact@lalca.org,www.lalca.org,Gratuit,2 place du 11 novembre 1918,69008,Lyon,2 place du 11 novembre 1918 69008 Lyon ,,www.lalca.org,Gratuit,2 place du 11 novembre 1918,69008,Lyon,2 place du 11 novembre 1918 69008 Lyon ,
45.779221,4.878559,Rhone,"""Être une ville accueillante pour les personnes exilées""","""Hospitalité""","""Conférence / Table ronde""",44155,44155,18h,"""CCO Jean-Pierre Lachaize""","""le réseau Traces, La Cimade/Festival Migrant’Scène, le CCO Jean-Pierre Lachaize""",vieassociative@cco-villeurbanne.org,www.cco-villeurbanne.org/ville-accueillante-pour-les-personnes-exilees,Gratuit,39 rue Georges Courteline,69100,Villeurbanne,39 rue Georges Courteline 69100 Villeurbanne ,,www.cco-villeurbanne.org/ville-accueillante-pour-les-personnes-exilees,Gratuit,39 rue Georges Courteline,69100,Villeurbanne,39 rue Georges Courteline 69100 Villeurbanne ,
45.775232,4.818003099999999,Rhone,"""MIGRATIONS, des frontières à l'hospitalité, questionner les mobilités et réinventer les imaginaires""","""Hospitalité, Frontières""","""Conférence / Table ronde""",44156,44156,,"""Villa Gillet""","""Villa Gillet, dans le cadre du festival MODE D'EMPLOI, réseau Traces et Migrant’Scène.""",,www.villagillet.net,,25 Rue Chazière,69004,Lyon,25 Rue Chazière 69004 Lyon ,,www.villagillet.net,,25 Rue Chazière,69004,Lyon,25 Rue Chazière 69004 Lyon ,
45.5844895,4.7759863,Rhone,"""Frontières et espaces vécus""","""Habitat, Frontières""","""Rencontre, Débat""",44156,44156,16h,"""Salle Rosa Parks""","""Stimultania - Pôle de photographie""",matilde.brugni@stimultania.org,www.stimultania.org,Gratuit,parc de la Maison du Fleuve Rhône,69700,Givors,parc de la Maison du Fleuve Rhône 69700 Givors ,,www.stimultania.org,Gratuit,parc de la Maison du Fleuve Rhône,69700,Givors,parc de la Maison du Fleuve Rhône 69700 Givors ,
45.7315386,4.869616499999999,Rhone,"""Projets culturels : langue française et diversité linguistique""","""Langues""","""Atelier / Formation""",44158,44158,,"""8e arrondissement""","""Les arTpenteurs et Filigrane""",contact@les-artpenteurs.com / 04 78 35 33 86,www.les-artpenteurs.com,Gratuit – inscription obligatoire,,69008,Lyon, 69008 Lyon ,,www.les-artpenteurs.com,Gratuit – inscription obligatoire,,69008,Lyon, 69008 Lyon ,
45.7315386,4.869616499999999,Rhone,"""Projets culturels : langue française et diversité linguistique""","""Langues""","""Atelier / Formation""",44168,44168,,"""8e arrondissement""","""Les arTpenteurs et Filigrane""",contact@les-artpenteurs.com / 04 78 35 33 86,www.les-artpenteurs.com,Gratuit – inscription obligatoire,,69008,Lyon, 69008 Lyon ,,www.les-artpenteurs.com,Gratuit – inscription obligatoire,,69008,Lyon, 69008 Lyon ,
45.75793160000001,4.825008899999999,Rhone,"""Mémoires Croisées de la guerre d’Algérie""","""Histoire coloniale""","""Exposition, Conférence / Table ronde""",44159,44159,19h,"""Maison des Passages""","""Coup de Soleil Auvergne Rhône-Alpes, ONACVG""",coupdesoleilra@gmail.com,www.coupdesoleil-rhonealpes.fr www.onac-vg.fr,Gratuit - réservation obligatoire,44 rue Saint Georges,69005,Lyon,44 rue Saint Georges 69005 Lyon ,,www.coupdesoleil-rhonealpes.fr www.onac-vg.fr,Gratuit - réservation obligatoire,44 rue Saint Georges,69005,Lyon,44 rue Saint Georges 69005 Lyon ,
45.7766796,4.8314674,Rhone,"""A LUA PLATZ, de Jérémy Gravayat""","""Habitat""","""Projection, Débat""",44160,44160,20h30,"""Aquarium Ciné-Café""","""L’Aquarium Ciné-Café et Toiles du Doc""",aquarium.programmation@gmail.com,aquarium-cine-cafe.fr,5 € (réduit) / 7 € (plein),10 rue Dumont,69004,Lyon,10 rue Dumont 69004 Lyon ,,aquarium-cine-cafe.fr,5 € (réduit) / 7 € (plein),10 rue Dumont,69004,Lyon,10 rue Dumont 69004 Lyon ,
45.7638961,4.8537452,Rhone,"""Quelles représentations des personnes migrantes ?""","""""","""Conférence / Table ronde participative""",44160,44160,De 9h à 20h,"""Lyon Urban Data""","""IREX-EUROPE""",cmartin@irexeurope.eu – vpalamarciuc@irexeurope.eu,www.speak-up-eu.com,Gratuit sur réservation,145 Cours Lafayette,69006,Lyon,145 Cours Lafayette 69006 Lyon ,,www.speak-up-eu.com,Gratuit sur réservation,145 Cours Lafayette,69006,Lyon,145 Cours Lafayette 69006 Lyon ,
45.7570783,4.835109399999999,Rhone,"""Terres Mères""","""Expression artistique des personnes migrantes""","""Théâtre""",44160,44160,20h30,"""Théâtre des Marronniers""","""""",,www.Théâtre-des-marronniers.com,Gratuit,7 rue des Marronniers,69002,Lyon,7 rue des Marronniers 69002 Lyon ,,www.Théâtre-des-marronniers.com,Gratuit,7 rue des Marronniers,69002,Lyon,7 rue des Marronniers 69002 Lyon ,
45.7598334,4.8837963,Rhone,"""Mi / parcours , la parole aux enfants""","""""","""Théâtre jeune public""",44161,44161,18h30,"""Le Rize""","""Interquartier Mémoires et patrimoines, collectif d’habitants""",Accueil renseignements : 04 37 57 17 17,lerize.villeurbanne.fr,Entrée libre sur réservation,23 Rue Valentin Hauy,69100,Villeurbanne,23 Rue Valentin Hauy 69100 Villeurbanne ,,lerize.villeurbanne.fr,Entrée libre sur réservation,23 Rue Valentin Hauy,69100,Villeurbanne,23 Rue Valentin Hauy 69100 Villeurbanne ,
45.76775,4.8179639,Rhone,"""MINEN KOLOTIRI - sculpter le droit par le droit""","""Expression artistique des personnes migrantes""","""Danse / Performance - création""",44161,44162,20h,"""Les Subs""","""SUBS, Lieu vivant d’expériences artistiques, Lyon, dans le cadre de l’appel à projet Geyser avec le Grütli, Genève. Mentorat artistique de Yan Duyvendak""",04 78 39 10 02 – contact@les-subs.com,www.les-subs.com,5 € / 10 €,8bis Quai Saint-Vincent,69001,Lyon,8bis Quai Saint-Vincent 69001 Lyon ,,www.les-subs.com,5 € / 10 €,8bis Quai Saint-Vincent,69001,Lyon,8bis Quai Saint-Vincent 69001 Lyon ,
45.6970715,4.8693538,Rhone,"""Elles nous racontent leurs Minguettes""","""Quartiers populaires""","""Exposition, Projection""",44162,44162,"17h30 vernissage, 19h Projection","""Cinéma Gérard Philippe""","""le Cinéma Gérard Philippe, Centre Associatif Boris Vian (CABV), GPV""",04 78 70 19 78,,Gratuit – réservation conseillée,12 av. Jean-Cagne,69200,Venissieux,12 av. Jean-Cagne 69200 Venissieux ,,,Gratuit – réservation conseillée,12 av. Jean-Cagne,69200,Venissieux,12 av. Jean-Cagne 69200 Venissieux ,
45.75793160000001,4.825008899999999,Rhone,"""Soirée syrienne avec Wejdan Nassif""","""Expression artistique des personnes migrantes""","""Rencontre""",44162,44162,19h30,"""Maison des Passages""","""ALWANE, association de soutien aux enfants syriens""",alwanelyon@gmail.com – 06 27 45 54 84,www.alwane.org,7 € / 10 €,44 rue Saint Georges,69005,Lyon,44 rue Saint Georges 69005 Lyon ,,www.alwane.org,7 € / 10 €,44 rue Saint Georges,69005,Lyon,44 rue Saint Georges 69005 Lyon ,
45.780743,4.912227000000001,Rhone,"""Le café des langues""","""Expression artistique des personnes migrantes, Langues""","""Théâtre participatif""",44163,44163,16h,"""Salle Polyvalente Municipale Victor JARA""","""Les arTpenteurs et le réseau de lecture publique de Vaulx-en-Velin""",contact@les-artpenteurs.com – 04 78 35 33 86,www.les-artpenteurs.com,Gratuit – réservation conseillée,Rue Jean Lesire,69120,Vaulx-en-Velin,Rue Jean Lesire 69120 Vaulx-en-Velin ,,www.les-artpenteurs.com,Gratuit – réservation conseillée,Rue Jean Lesire,69120,Vaulx-en-Velin,Rue Jean Lesire 69120 Vaulx-en-Velin ,
45.6588703,4.5645669,Rhone,"""PAROLES D’EXIL""","""Expression artistique des personnes migrantes""","""Concert, Littérature / Poésie
""",44164,44164,15h,"""Petite salle des fêtes""","""l’Association d’accueil COLAMIRE (Accueil Migrants Réfugiés Saint-Martin-en-Haut)""",colamire@yahoo.com,,Participation libre,Place du Plon,69850,Saint-Martin-en-Haut,Place du Plon 69850 Saint-Martin-en-Haut ,,,Participation libre,Place du Plon,69850,Saint-Martin-en-Haut,Place du Plon 69850 Saint-Martin-en-Haut ,
45.7597312,4.8828626,Rhone,"""Les indépendances : 35 ans de décolonisations françaises (1943-1977)""","""Histoire coloniale""","""Exposition""",44165,44179,,"""Théâtre National Populaire, dans le cadre de l’accueil du spectacle « Et le cœur fume encore » d’Alice carré et Margaux Ezkenazi""","""Théâtre National Populaire, dans le cadre de l’accueil du spectacle « Et le cœur fume encore » d’Alice carré et Margaux Ezkenazi""",,,Gratuit,3 rue Valentin Haüy,69100,Villeurbanne,3 rue Valentin Haüy 69100 Villeurbanne ,,,Gratuit,3 rue Valentin Haüy,69100,Villeurbanne,3 rue Valentin Haüy 69100 Villeurbanne ,
,,Rhone,"""Guerre d’Algérie, comment raconter les mémoires ?""","""Histoire coloniale""","""Conférence / Table ronde""",44165,44165,18h30,"""Université Jean Moulin, Lyon 3 – La manufacture des tabacs""","""TNP""",,www.tnp-villeurbanne.com,Gratuit,,,,   ,,www.tnp-villeurbanne.com,Gratuit,,,,   ,
45.7598334,4.8837963,Rhone,"""Vers une citoyenneté de résidence ?""","""Hospitalité""","""Conférence / Table ronde, Atelier / Formation""",44166,44166,18h,"""Le Rize""","""CCO Jean-Pierre Lachaize et la Ville de Villeurbanne""","Nathalie TIBOLLA - CCO : vieassociative@cco-villeurbanne.org, Lison Leneveler : lison.leneveler@mairie-villeurbanne.fr",lerize.villeurbanne.fr,Gratuit sur réservation,23 Rue Valentin Haüy,69100,Villeurbanne,23 Rue Valentin Haüy 69100 Villeurbanne ,,lerize.villeurbanne.fr,Gratuit sur réservation,23 Rue Valentin Haüy,69100,Villeurbanne,23 Rue Valentin Haüy 69100 Villeurbanne ,
45.698783,4.8844034,Rhone,"""Poésie au delà des Frontière(s)""","""""","""Exposition, Danse / Performance""",44166,44166,19h,"""Espace Pandora""","""l'Espace Pandora""",mediationculturelle@espacepandora.org,espacepandora.org,Gratuit,8 place de la Paix,69200,Vénissieux,8 place de la Paix 69200 Vénissieux ,,espacepandora.org,Gratuit,8 place de la Paix,69200,Vénissieux,8 place de la Paix 69200 Vénissieux ,
45.7640568,4.827593999999999,Rhone,"""Les Pionniers Africains de Lyon ""","""Histoire coloniale""","""Projection""",44168,44168,19h,"""Musées Gadagne""","""APASHES, Africa 50 et le Musée Gadagne""",,www.gadagne.musees.lyon.fr,Gratuit,1 Place du Petit Collège,69005,Lyon,1 Place du Petit Collège 69005 Lyon ,,www.gadagne.musees.lyon.fr,Gratuit,1 Place du Petit Collège,69005,Lyon,1 Place du Petit Collège 69005 Lyon ,
45.7518566,4.841453599999999,Rhone,"""Ne plus raser les murs , Tillandsia""","""Travail, Habitat, Luttes""","""Exposition, rencontre""",44170,44170,18h,"""""","""Tillandsia""",tillandsia.prod@gmail.com,www.tillandsia-video.com,Gratuit - adhésion gratuite au lieu,45 rue Bechevelin,69007,Lyon,45 rue Bechevelin 69007 Lyon ,,www.tillandsia-video.com,Gratuit - adhésion gratuite au lieu,45 rue Bechevelin,69007,Lyon,45 rue Bechevelin 69007 Lyon ,
45.7762216,4.8349595,Rhone,"""Chems""","""Expression artistique des personnes migrantes""","""Concert""",44170,44171,20h,"""Agend’arts""","""Karakib et Agend’arts""",09 51 62 58 77 – agendartshorslesmurs@free.fr,www.karakib.org/artistes/chems,8 € / 10 € (gratuit moins de 12 ans),4 rue de Belfort,69004,Lyon,4 rue de Belfort 69004 Lyon ,,www.karakib.org/artistes/chems,8 € / 10 € (gratuit moins de 12 ans),4 rue de Belfort,69004,Lyon,4 rue de Belfort 69004 Lyon ,
,,Auvergne,"""Festival Saveurs Sans Frontières – 2ème édition""","""Hospitalité, Interculturalité""","""Festival""",44111,44128,,"""""","""l'Association A.N.I.S Etoilé""",04 73 14 14 13 – contact@anisetoile.org,anisetoile.wixsite.com/saveursansfrontieres,,,,,   ,,anisetoile.wixsite.com/saveursansfrontieres,,,,,   ,
45.7792104,3.0688017,Auvergne,"""“Nous et les autres, des préjugés au racisme.”""","""Discriminations""","""Exposition, Conférence / Table ronde""",44111,43832,,"""Musée de la Résistance, de l’Internement et de la Déportation""","""Musée de la Résistance, de l’Internement et de la Déportation de Clermont Auvergne Métropole""",musee.resistance@clermontmetropole.eu,,3 € / 2 €,7 place Beaulieu,63400,Chamalières,7 place Beaulieu 63400 Chamalières ,,,3 € / 2 €,7 place Beaulieu,63400,Chamalières,7 place Beaulieu 63400 Chamalières ,
45.77722199999999,3.087025,Auvergne,"""Quinzaine de l’intégration""","""Hospitalité""","""Forum, Projection, Conférence / Table ronde, Visite, ...""",44113,44120,,"""""","""""",nfel@ville-clermont-ferrand.fr – ccharrade@ville-clermont-ferrand.fr – npiguet@ville-clermont-ferrand.fr,clermont-ferrand.fr,,,,Clermont-Ferrand,  Clermont-Ferrand ,,clermont-ferrand.fr,,,,Clermont-Ferrand,  Clermont-Ferrand ,
45.7770428,3.0892234,Auvergne,"""Histoire … de réfléchir""","""Discriminations""","""Projection de courts métrages""",44117,44117,De 18h à 20h,"""Centre de documentation la Jetée""","""Musée de la Résistance, de l’Internement et de la Déportation de Clermont Auvergne Métropole""",04 73 31 28 42 – musee.resistance@clermontmetropole.eu,"www.clermontmetropole.eu",Gratuit,6 Place Michel de l'Hospital,63058,Clermont-Ferrand,6 Place Michel de l'Hospital 63058 Clermont-Ferrand ,,"www.clermontmetropole.eu",Gratuit,6 Place Michel de l'Hospital,63058,Clermont-Ferrand,6 Place Michel de l'Hospital 63058 Clermont-Ferrand ,
45.7795763,3.0975992,Auvergne,"""Exils et solidarité : regards croisés""","""""","""Exposition""",44118,44120,,"""Maison Charras""","""Mairie de Clermont-Ferrand""",nfel@ville-clermont-ferrand.fr,,Gratuit,31 avenue Charras,63000,Clermont-Ferrand,31 avenue Charras 63000 Clermont-Ferrand ,,,Gratuit,31 avenue Charras,63000,Clermont-Ferrand,31 avenue Charras 63000 Clermont-Ferrand ,
46.2871189,2.742766,Auvergne,"""Chorale de l’Arc en Ciel International""","""Expression artistique des personnes migrantes""","""Concert""",44121,44121,20h,"""La Pléiade""","""Collectif Lilananda""",,,Prix libre,Place de la Butte,63000,Commentry,Place de la Butte 63000 Commentry ,,,Prix libre,Place de la Butte,63000,Commentry,Place de la Butte 63000 Commentry ,
,,Auvergne,"""Lancement de la plateforme MÉMOIRES de Saint-Jacques""","""Quartiers populaires""","""Site internet""",44119,44119,,"""AMTA""","""l'AMTA / Le Damier / Clermont Auvergne Métropole""",,www.memoiresaintjacques.fr,,,,,   ,,www.memoiresaintjacques.fr,,,,,   ,
45.7809377,3.0836013,Auvergne,"""“J’aimerais que tu restes”""","""Travail""","""Projection, Débat""",44143,44143,17h30,"""Café-Lecture Les Augustes""","""Café-Lecture Les Augustes""",,,Gratuit,5 rue sous les Augustins,63000,Clermont-Ferrand,5 rue sous les Augustins 63000 Clermont-Ferrand ,,,Gratuit,5 rue sous les Augustins,63000,Clermont-Ferrand,5 rue sous les Augustins 63000 Clermont-Ferrand ,
45.7746413,3.0840718,Auvergne,"""« Protéger les enfants et leurs droits ""","""Droits de l’enfant""","""Exposition""",44152,44170,Aux heures d’ouverture de la médiathèque,"""Médiathèque de Jaude""","""Médiathèque de Jaude (Clermont Métropole, La Cimade)""",bibliotheque.jaude@clermontmetropole.eu.,,Gratuit,9 place Aragon,63000,Clermont Ferrand,9 place Aragon 63000 Clermont Ferrand ,,,Gratuit,9 place Aragon,63000,Clermont Ferrand,9 place Aragon 63000 Clermont Ferrand ,
45.7746413,3.0840718,Auvergne,"""Cafés Français Langues Etrangères (FLE)""","""Langues""","""Atelier / Formation
""",44156,44163,De 15h à 17h,"""Médiathèque de Jaude""","""La Médiathèque de Jaude (Clermont Métropole), La Cimade""",bibliotheque.jaude@clermontmetropole.eu,,,9 place Aragon,63000,Clermont Ferrand,9 place Aragon 63000 Clermont Ferrand ,,,,9 place Aragon,63000,Clermont Ferrand,9 place Aragon 63000 Clermont Ferrand ,
45.643476,3.243412,Auvergne,""" Atlantique ""","""Frontières""","""Projection, Débat""",44158,44158,20h30,"""Halle du jeu de Paume""","""Ciné Parc / CLéS / Les Amis de la Comté Républicaine""","Ciné Parc : 04 73 95 58 00, Ida Legagneur, CLéS : 07 50 85 45 30",www.cineparc.fr – www.cles-asso.fr,"5,50 € / 3,50 €",,,Vic-le-Comte,  Vic-le-Comte ,,www.cineparc.fr – www.cles-asso.fr,"5,50 € / 3,50 €",,,Vic-le-Comte,  Vic-le-Comte ,
45.7746413,3.0840718,Auvergne,"""Le vrai taboulé (vert) , par Jessy Khalid ""","""Expression artistique des personnes migrantes""","""Théâtre, Lecture""",44161,44161,18h,"""Médiathèque de Jaude""","""Médiathèque de Jaude (Clermont Métropole)""",bibliotheque.jaude@clermontmetropole.eu,,Gratuit,9 place Aragon,63000,Clermont Ferrand,9 place Aragon 63000 Clermont Ferrand ,,,Gratuit,9 place Aragon,63000,Clermont Ferrand,9 place Aragon 63000 Clermont Ferrand ,
45.77722199999999,3.087025,Auvergne,""" En Cours , de Marion Dagot""","""Travail""","""Projection documentaire""",44162,44162,18h,"""Université Clermont Auvergne""","""Médiathèque de Jaude (Clermont Auvergne Métropole)""",,www.lacimade.org – www.migrantscene.org - en-cours.uca.fr/Projection-documentaire-en-cours-184096.kjsp,Gratuit,,,Clermont Ferrand,  Clermont Ferrand ,,www.lacimade.org – www.migrantscene.org - en-cours.uca.fr/Projection-documentaire-en-cours-184096.kjsp,Gratuit,,,Clermont Ferrand,  Clermont Ferrand ,
45.643476,3.243412,Auvergne,"""Soirée théâtrale et poétique""","""""","""Lecture, Théâtre, Concert""",44162,44162,20h30,"""Hall du jeu de Paume""","""""",,,8 € (à titre indicatif),,69270,Vic Le Comte, 69270 Vic Le Comte ,,,8 € (à titre indicatif),,69270,Vic Le Comte, 69270 Vic Le Comte ,
45.7746413,3.0840718,Auvergne,"""Famille et migration""","""Droits des enfants""","""Conférence / Table ronde""",44168,44168,18h,"""Médiathèque de Jaude""","""Médiathèque de Jaude (Clermont Auvergne Métropole)""",bibliotheque.jaude@clermontmetropole.eu,,Gratuit,9 place Aragon,63000,Clermont Ferrand,9 place Aragon 63000 Clermont Ferrand ,,,Gratuit,9 place Aragon,63000,Clermont Ferrand,9 place Aragon 63000 Clermont Ferrand ,
45.7746413,3.0840718,Auvergne,"""Une heure avec Jean Roméo Kamptchouang, artiste plasticien""","""Expression artistique des personnes migrantes""","""Rencontre""",44170,44170,17h30,"""Médiathèque de Jaude""","""Médiathèque de Jaude (Clermont Auvergne Métropole)""",bibliotheque.jaude@clermontmetropole.eu,,Gratuit,9 place Aragon,63000,Clermont Ferrand,9 place Aragon 63000 Clermont Ferrand ,,,Gratuit,9 place Aragon,63000,Clermont Ferrand,9 place Aragon 63000 Clermont Ferrand ,
45.8035831,3.10877,Auvergne,"""Avec les mots des autres""","""Santé Mentale""","""Projection, Débat""",44174,44174,20h,"""Cinéma le Rio""","""RESF 63, le réseau Traces et le cinéma Le Rio dans le cadre du festival Migrant’scène.""",,,"5,5 € / 7 €",178 Rue sous les Vignes,63100,Clermont Ferrand,178 Rue sous les Vignes 63100 Clermont Ferrand ,,,"5,5 € / 7 €",178 Rue sous les Vignes,63100,Clermont Ferrand,178 Rue sous les Vignes 63100 Clermont Ferrand ,
46.2088525,5.2317518,Ain,"""Principe de Fraternité : Valeur Constitutionnelle""","""Travail, Habitat, Solidarité, Hospitalité""","""Conférence / Table ronde, Exposition, Projection, Repas""",44128,44128,Dès 9h30,"""Maison de la Culture et de la Citoyenneté""","""Cent Pour Un Toit-01""",centpouruntoit01@gmail.com,www.facebook.com/centpouruntoit01,Gratuit,4 allée des Brotteaux,01000,Bourg-en-Bresse,4 allée des Brotteaux 01000 Bourg-en-Bresse ,,www.facebook.com/centpouruntoit01,Gratuit,4 allée des Brotteaux,01000,Bourg-en-Bresse,4 allée des Brotteaux 01000 Bourg-en-Bresse ,
46.2212885,5.228354599999999,Ain,"""Forêt polyglotte & Concert Sous La Langue""","""Langues""","""Concert, Exposition sonore""",44139,44139,"15h30 (Concert), de 14h à 17h30 (Exposition)","""Centre Psychothérapique de l’Ain""","""Centre Psychothérapique de l’Ain, Le Concert Sous La Langue""",,www.souslalangue.com / www.ecomuseebresse.fr,Gratuit,Avenue de Marboz,01000,Bourg-en-Bresse,Avenue de Marboz 01000 Bourg-en-Bresse ,,www.souslalangue.com / www.ecomuseebresse.fr,Gratuit,Avenue de Marboz,01000,Bourg-en-Bresse,Avenue de Marboz 01000 Bourg-en-Bresse ,
46.2037009,5.24355,Ain,"""Rencontre avec l'écrivaine Faiza Guène""","""Expression artistique des personnes migrantes""","""Discussion""",44141,44141,14h,"""Centre Social Amédée Mercier""","""l'Association JEMNA MIX ATTITUDES en partenariat avec la Sauvegarde""","04 74 52 10 02, Madame Nour Allouache : 06 14 68 70 54, Mourad Ameriou : 06 12 51 14 77",,Gratuit,57 Avenue Amedée Mercier,01000,Bourg-en-Bresse,57 Avenue Amedée Mercier 01000 Bourg-en-Bresse ,,,Gratuit,57 Avenue Amedée Mercier,01000,Bourg-en-Bresse,57 Avenue Amedée Mercier 01000 Bourg-en-Bresse ,
,,Ain,"""Les migrations pour vivre ensemble ""","""""","""Exposition""",44142,44143,De 14h à 19h,"""Salle communale""","""Association Comm’Une Sereine (Sainte-Croix).""",Comm’Une Sereine : 06 59 06 63 57 – communesereine@gmail.com,www.commune-sereine.fr,Gratuit,,,,   ,,www.commune-sereine.fr,Gratuit,,,,   ,
45.99679870000001,5.0285812,Ain,"""L’art pour comprendre le Monde ""","""Expression artistique des personnes migrantes""","""Exposition, Repas et échanges""",44147,44147,De 17h à 20h,"""Centre Huda de ADSEA01""","""HUDA ADSEA01 Carole Bouteille Van Den Besselaer, directrice""",carole.bouteille@sauvegarde01.fr,,,80 chemin des Oures,01330,Villar les Dombes,80 chemin des Oures 01330 Villar les Dombes ,,,,80 chemin des Oures,01330,Villar les Dombes,80 chemin des Oures 01330 Villar les Dombes ,
46.20516749999999,5.2255007,Ain,"""[Im]migrations en héritage""","""Interculturalité, Mémoires""","""Projection, Exposition""",44159,44159,18h30,"""Centre Culturel Aragon""","""la Ville d’Oyonnax, le Centre social Est, le Réseau d’Education Prioritaire d’Oyonnax, L’ADSEA, Hors cadre image et Traces. Soutenu par le FAMI, La DILCRAH, Le CONTRAT DE VILLE d’Oyonnax""",samia.abbou@alfa3a.org Tel : 06 10 21 27 36,,Gratuit,,,Bourg-en-Bresse,  Bourg-en-Bresse ,,,Gratuit,,,Bourg-en-Bresse,  Bourg-en-Bresse ,
46.2088525,5.2317518,Ain,""" Demain est si loin, de Muriel Cravatte""","""Délit de Solidarité, Hospitalité""","""Projection, Rencontre""",44159,44159,20h,"""Maison de la Culture et de la Citoyenneté""","""""",la MJC Bourg-en-Bresse,,Gratuit,4 allée des Brotteaux,01000,Bourg-en-Bresse,4 allée des Brotteaux 01000 Bourg-en-Bresse ,,,Gratuit,4 allée des Brotteaux,01000,Bourg-en-Bresse,4 allée des Brotteaux 01000 Bourg-en-Bresse ,
45.450626,4.3859432,Loire,"""20 ans du RÉSEAU TRACES""","""20 ans du Réseau TRACES""","""Emission Radio, Autre""",44119,44119,De 15h à 17h,"""Amicale Laïque de Beaubrun""","""Radio Ondaine, Radio Dio, Amicale Laïque de Beaubrun et le Réseau Traces""",,"A écouter sur Radio Dio 89.5 fm ou www.radio-dio.org , Radio Ondaine 90.9 fm et www.radio-ondaine.fr.",Gratuit,,42000,Saint-Etienne, 42000 Saint-Etienne ,,"A écouter sur Radio Dio 89.5 fm ou www.radio-dio.org , Radio Ondaine 90.9 fm et www.radio-ondaine.fr.",Gratuit,,42000,Saint-Etienne, 42000 Saint-Etienne ,
45.4744661,4.5117688,Loire,"""FICHE MANQUANTE Saint Chamond ""","""""","""Conférence / Table ronde""",44120,44120,19h30,"""MJC de Saint-Chamond""","""Le Grain, Nouvel Espace Culturel et Citoyen / MJC de Saint-Chamond""",,https://mjcstchamond.fr/plaquette-necc-2019-2020/,,2 avenue de la Libération,42400,Saint-Chamond,2 avenue de la Libération 42400 Saint-Chamond ,,https://mjcstchamond.fr/plaquette-necc-2019-2020/,,2 avenue de la Libération,42400,Saint-Chamond,2 avenue de la Libération 42400 Saint-Chamond ,
45.4333477,4.3801312,Loire,"""Salon du livre : Littérature & migrations ""","""Expression artistique des personnes migrantes""","""Rencontre littéraire, Littérature""",44121,44121,De 14h à 19h suivi d’une soirée festive,"""Amicale Laïque de Beaubrun""","""l'Amicale Laïque de Beaubrun et le réseau Traces""",Nadim Ghodbane 0610847940,,Gratuit,14 Rue Claude Deverchère,42000,Saint-Etienne,14 Rue Claude Deverchère 42000 Saint-Etienne ,,,Gratuit,14 Rue Claude Deverchère,42000,Saint-Etienne,14 Rue Claude Deverchère 42000 Saint-Etienne ,
45.43672249999999,4.386477,Loire,"""Migrants au gré des flots #1""","""""","""Exposition, Conférence / Table ronde""",44126,44162,,"""Les Moyens du Bord""","""l’Association Les Moyens du Bord""",04 77 37 28 27 - lesmoyensdubord42@gmail.com,lmdb42.wordpress.com,Gratuit,38 rue de la Résistance,42000,Saint-Etienne,38 rue de la Résistance 42000 Saint-Etienne ,,lmdb42.wordpress.com,Gratuit,38 rue de la Résistance,42000,Saint-Etienne,38 rue de la Résistance 42000 Saint-Etienne ,
,,Loire,"""Plaques de rue ""","""""","""Animation de rues, Autre""",44127,44127,Entre 11h et 13h,"""""","""la Cimade / Festival Migrant'Scène""",Marion Peyre : 0633874945,www.migrantscene.org,,,,,   ,,www.migrantscene.org,,,,,   ,
45.4280813,4.3840116,Loire,"""Faut-il déboulonner les statues ?""","""Histoire coloniale""","""Conférence / Table ronde""",44128,44128,19h,"""Amicale laïque de Tardy""","""l’Amicale laïque de Tardy, le réseau Traces et l’association le Grain (Groupe de Réflexion et d’Actions Interculturelles)""",04 77 32 47 51,,Prix libre,86 Rue Vaillant Couturier,42000,Saint-Etienne,86 Rue Vaillant Couturier 42000 Saint-Etienne ,,,Prix libre,86 Rue Vaillant Couturier,42000,Saint-Etienne,86 Rue Vaillant Couturier 42000 Saint-Etienne ,
45.4374122,4.4363722,Loire,"""Balade intime au cœur des Terres Noires""","""Quartiers populaires""","""Visite commentée""",44128,44128,15h,"""Quartier de Terrenoire""","""Centre socioculturel Arlequin""",04 77 95 68 30,arlequin.centres-sociaux.fr,Gratuit,21 Rue du Dr Louis Destre,42000,Saint-Etienne,21 Rue du Dr Louis Destre 42000 Saint-Etienne ,,arlequin.centres-sociaux.fr,Gratuit,21 Rue du Dr Louis Destre,42000,Saint-Etienne,21 Rue du Dr Louis Destre 42000 Saint-Etienne ,
45.7220358,4.0084984,Loire,"""L’hospitalité défiée par les migrations, artistes et citoyens aux frontières du droit.""","""Droit, Hospitalité
""","""""",44134,44135,,"""Château de Goutelas""","""le Château de Goutelas, Bureau des dépositions, le PEROU, Radio DIO, 171 canons, Webradio r22 Tout-monde, Selam ! et les SUBS (Lieu vivant d’expériences artistiques, Lyon)""",centreculturel@chateaudegoutelas.fr – 04 77 97 35 43,www.chateaudegoutelas.fr,"Rencontres gratuites, spectacle 7 € - sur réservation",Château de Goutelas,42130,Marcoux,Château de Goutelas 42130 Marcoux ,,www.chateaudegoutelas.fr,"Rencontres gratuites, spectacle 7 € - sur réservation",Château de Goutelas,42130,Marcoux,Château de Goutelas 42130 Marcoux ,
45.4380805,4.3912074,Loire,"""Corps en Grève ""","""Travail, luttes""","""Exposition, Rencontre""",44138,44153,,"""Librairie Lune et L’autre""","""""",lune-et-l-autre@hotmail.fr,https://fr-fr.facebook.com/lune.l.autre/,Gratuit,19 rue du Pierre Bérard,42000, Saint-Etienne,19 rue du Pierre Bérard 42000  Saint-Etienne ,,https://fr-fr.facebook.com/lune.l.autre/,Gratuit,19 rue du Pierre Bérard,42000, Saint-Etienne,19 rue du Pierre Bérard 42000  Saint-Etienne ,
45.43672249999999,4.386477,Loire,"""Des Réfugiés, Artistes ??!""","""Expression artistique des personnes migrantes""","""Rencontre""",44144,44144,17h,"""Les Moyens du Bord""","""l’Association LES MOYENS DU BORD""",lesmoyensdubord42@gmail.com - 04 77 37 28 27,lmdb42.wordpress.com,Gratuit,38 rue de la Résistance,42000, Saint-Etienne,38 rue de la Résistance 42000  Saint-Etienne ,,lmdb42.wordpress.com,Gratuit,38 rue de la Résistance,42000, Saint-Etienne,38 rue de la Résistance 42000  Saint-Etienne ,
45.4344433,4.3941734,Loire,"""Née un 17 Octobre, Rachid Benzine / Cie Kalaam""","""Histoire coloniale""","""Théâtre""",44144,44144,20h,"""Salle Jeanne d’Arc""","""Agasef – dans le cadre de l’action « Comprendre pour mieux agir »""",comprendrepourmieuxagir@gmail,,Gratuit sur réservation,Rue Jean Claude Tissot,42000, Saint-Etienne,Rue Jean Claude Tissot 42000  Saint-Etienne ,,,Gratuit sur réservation,Rue Jean Claude Tissot,42000, Saint-Etienne,Rue Jean Claude Tissot 42000  Saint-Etienne ,
45.43672249999999,4.386477,Loire,"""Migrants au gré des flots #2""","""Expression artistique des personnes migrantes""","""Lecture publique, Débat""",44147,44147,17h,"""Les Moyens du Bord""","""""",lesmoyensdubord42@gmail.com - 04 77 37 28 27,lmdb42.wordpress.com,,38 rue de la Résistance,42000, Saint-Etienne,38 rue de la Résistance 42000  Saint-Etienne ,,lmdb42.wordpress.com,,38 rue de la Résistance,42000, Saint-Etienne,38 rue de la Résistance 42000  Saint-Etienne ,
45.4364149,4.3904458,Loire,"""Scopitone Party""","""Expression artistique des personnes migrantes""","""Projection, Concert, Juke-Box, Autre""",44148,44148,20h,"""La Friterie""","""La friterie (Famille Belala), Anaïs Amrani-Hammour, Le Grain et le réseau Traces.""","La friterie (Famille Belala), Anaïs Amrani-Hammour, Le Grain et le réseau Traces.",,Prix libre,9 rue Georges Dupré,42000, Saint-Etienne,9 rue Georges Dupré 42000  Saint-Etienne ,,,Prix libre,9 rue Georges Dupré,42000, Saint-Etienne,9 rue Georges Dupré 42000  Saint-Etienne ,
45.4392007,4.4013634,Loire,"""WEEK-END IMAGES MIGRANTES Saint-Etienne""","""""","""Projection - Débat""",44149,44150,,"""""","""""",,www.lemelies.com,Tarifs habituels du Méliès,8 Rue de la Valse,42100, Saint-Etienne,8 Rue de la Valse 42100  Saint-Etienne ,,www.lemelies.com,Tarifs habituels du Méliès,8 Rue de la Valse,42100, Saint-Etienne,8 Rue de la Valse 42100  Saint-Etienne ,
45.4318596,4.390601,Loire,""" Mémoires de guerres, Mémoires de soldats oubliés ""","""Histoire coloniale""","""Projection - Débat""",44154,44154,20h30,"""Café-lecture Le Remue-Méninges""","""Le Remue-Méninges et l’association Le Grain""",contact@remue-meninges.com - 04 77 37 87 50,www.remue-meninges.com,Gratuit,43 rue Michelet,42000, Saint-Etienne,43 rue Michelet 42000  Saint-Etienne ,,www.remue-meninges.com,Gratuit,43 rue Michelet,42000, Saint-Etienne,43 rue Michelet 42000  Saint-Etienne ,
45.43672249999999,4.386477,Loire,"""Voix-es de femmes, hier et aujourd’hui""","""Quartiers populaires
""","""Rencontre littéraire, Littérature""",44155,44155,14h,"""Les Moyens du Bord""","""l’Association Les Moyens du Bord""",,,Gratuit,38 rue de la Résistance,42000, Saint-Etienne,38 rue de la Résistance 42000  Saint-Etienne ,,,Gratuit,38 rue de la Résistance,42000, Saint-Etienne,38 rue de la Résistance 42000  Saint-Etienne ,
45.4744661,4.5117688,Loire,"""Mémoires de guerres, Mémoires de travail ""","""Histoire coloniale, Travail""","""Projection, Débat""",44127,44127,20h,"""MJC de Saint-Chamond""",""" Le Grain, Nouvel Espace Culturel et Citoyen / MJC de Saint-Chamond""",,https://mjcstchamond.fr/plaquette-necc-2019-2020/,,2 avenue de la Libération,42400,Saint-Chamond,2 avenue de la Libération 42400 Saint-Chamond ,,https://mjcstchamond.fr/plaquette-necc-2019-2020/,,2 avenue de la Libération,42400,Saint-Chamond,2 avenue de la Libération 42400 Saint-Chamond ,
45.4213791,4.0643095,Loire,"""Demain est si loin, Muriel Cravatte""","""Hospitalité""","""Projection, Rencontre""",44158,44158,20h,"""Cinéma Cin’étoile
""","""l’équipe du Cinéma Cin’étoile""",elisefayolle@loireforez.fr ,www.cines-haut-forez.fr,5,1 route d’Augel,42380,St Bonnet le Château,1 route d’Augel 42380 St Bonnet le Château ,,www.cines-haut-forez.fr,5,1 route d’Augel,42380,St Bonnet le Château,1 route d’Augel 42380 St Bonnet le Château ,
45.43522970000001,4.381635699999999,Loire,"""Des années immigrées, aux années banlieues - 30 ans de luttes pour l'égalité""","""Quartiers populaires, Luttes""","""Exposition, Projection""",44160,44160,À partir de 18h,"""Le Babet Centre social""","""Le Babet – Centre social, L’Écho des cités, Association Mémoire en Images et Sons (Nîmes), le Grain.""",04 77 33 33 92 - secretariat@lebabet.fr,www.le-babet.fr,Gratuit,10 rue Félix Piat,42000, Saint-Etienne,10 rue Félix Piat 42000  Saint-Etienne ,,www.le-babet.fr,Gratuit,10 rue Félix Piat,42000, Saint-Etienne,10 rue Félix Piat 42000  Saint-Etienne ,
,,Loire,"""FICHE MANQUANTE""","""""","""""",,,,"""""","""""",,,,,,,   ,,,,,,,   ,
45.43522970000001,4.381635699999999,Loire,"""Actualités de l’antiracisme en France : entre invisibilisations, dénis et mobilisations.""","""Discriminations, Luttes""","""Conférence / Table ronde""",44162,44162,18h,"""Le Babet Centre social""","""Le Babet – Centre social, L’Écho des cités, Association Mémoire en Images et Sons (Nîmes), le Grain.""",04 77 33 33 92 - secretariat@lebabet.fr,www.le-babet.fr,Gratuit,10 rue Félix Piat,42000, Saint-Etienne,10 rue Félix Piat 42000  Saint-Etienne ,,www.le-babet.fr,Gratuit,10 rue Félix Piat,42000, Saint-Etienne,10 rue Félix Piat 42000  Saint-Etienne ,
45.4280813,4.3840116,Loire,""" Les damnées de la mer ""","""Femmes en migration""","""Rencontre littéraire, Littérature""",44162,44162,19h,"""Amicale laïque de Tardy""","""SOS Méditerranée, antenne de Saint-Etienne""",stetienne@sosmediterranee.org,,,86 rue Vaillant Couturier,42000, Saint-Etienne,86 rue Vaillant Couturier 42000  Saint-Etienne ,,,,86 rue Vaillant Couturier,42000, Saint-Etienne,86 rue Vaillant Couturier 42000  Saint-Etienne ,
45.4213791,4.0643095,Loire,"""Il mio corpo, de Michele Pennetta""","""""","""Projection, Rencontre""",44165,44165,20h,"""Cinéma Cin’étoile""","""Cinéma Cin’étoile""",elisefayolle@loireforez.fr,www.cines-haut-forez.fr,5,1 route d’Augel,42380,St Bonnet le Château,1 route d’Augel 42380 St Bonnet le Château ,,www.cines-haut-forez.fr,5,1 route d’Augel,42380,St Bonnet le Château,1 route d’Augel 42380 St Bonnet le Château ,
45.4744661,4.5117688,Loire,"""Exil et Hospitalité""","""Habitat, Hospitalité""","""Conférence / Table ronde""",Ven 4 dec,Ven 4 dec,,"""MJC de Saint-Chamond""","""""",quitterie@asmlsyria.com - chcaps69@gmail.com - act-for-ref@outlook.fr,,Gratuit,2 avenue de la Libération,42400,Saint-Chamond,2 avenue de la Libération 42400 Saint-Chamond ,,,Gratuit,2 avenue de la Libération,42400,Saint-Chamond,2 avenue de la Libération 42400 Saint-Chamond ,
44.895927,4.646171,Drôme / Ardèche,"""Rencontres sans frontières""","""Expression artistique des personnes migrantes""","""Festival multiculturel, Autre""",44114,44114,,"""Salle du Lac""","""L'Embarqu'café, café associatif""","embarqucafe@gmail.com, yasmina.abiles@orange.fr  –
04 75 58 28 34
",embarqucafe.wordpress.com,"Concerts : 10 € / 5 €, gratuité -15 ans, Projections : 5 € / 3 € - 14 ans",,07240,Vernoux en Vivarais, 07240 Vernoux en Vivarais ,,embarqucafe.wordpress.com,"Concerts : 10 € / 5 €, gratuité -15 ans, Projections : 5 € / 3 € - 14 ans",,07240,Vernoux en Vivarais, 07240 Vernoux en Vivarais ,
,,Drôme / Ardèche,"""Rencontres sans frontières""","""Expression artistique des personnes migrantes""","""Festival multiculturel, Autre""",44125,44125,18h30,"""Le repère""","""L'Embarqu'café, café associatif""","embarqucafe@gmail.com, yasmina.abiles@orange.fr  –
04 75 58 28 34
",embarqucafe.wordpress.com,"Concerts : 10 € / 5 €, gratuité -15 ans, Projections : 5 € / 3 € - 14 ans",,,,,,embarqucafe.wordpress.com,"Concerts : 10 € / 5 €, gratuité -15 ans, Projections : 5 € / 3 € - 14 ans",,,,,
,,Drôme / Ardèche,"""Rencontres sans frontières""","""Expression artistique des personnes migrantes""","""Festival multiculturel, Autre""",44142,44142,,"""Espace culturel L. Nodon""","""L'Embarqu'café, café associatif""","embarqucafe@gmail.com, yasmina.abiles@orange.fr  –
04 75 58 28 34
",embarqucafe.wordpress.com,"Concerts : 10 € / 5 €, gratuité -15 ans, Projections : 5 € / 3 € - 14 ans",,,,,,embarqucafe.wordpress.com,"Concerts : 10 € / 5 €, gratuité -15 ans, Projections : 5 € / 3 € - 14 ans",,,,,
44.9315125,4.8936753,Drôme / Ardèche,"""1973, l’année marquante""","""Travail, Luttes""","""Rencontre, Débat""",,,,"""Le CPA""","""Le CPA (Valence)""",contact@le-cpa.com – 04 75 80 13 00,www.le-cpa.com,Gratuit,14 rue Louis Gallet,26000,Valence,14 rue Louis Gallet 26000 Valence ,,www.le-cpa.com,Gratuit,14 rue Louis Gallet,26000,Valence,14 rue Louis Gallet 26000 Valence ,
44.755343,5.367751999999999,Drôme / Ardèche,"""Festival F(r)iction de réel""","""Frontières""","""Théâtre, Exposition, Rencontre""",,,,"""""","""""",,,,Rue Kateb Yacine,26150,Die,Rue Kateb Yacine 26150 Die ,,,,Rue Kateb Yacine,26150,Die,Rue Kateb Yacine 26150 Die ,
44.9315125,4.8936753,Drôme / Ardèche,"""Les petites Arménies de la vallée du Rhône""","""Habitat, Travail, Identité""","""Rencontre dédicace, Littérature / Poésie""",,,,"""""","""""",,,,14 rue louis Gallet,26000,Valence,14 rue louis Gallet 26000 Valence ,,,,14 rue louis Gallet,26000,Valence,14 rue louis Gallet 26000 Valence ,
,,Drôme / Ardèche,"""Regards croisés sur l’immigration italienne en Drôme Ardèche""","""Mémoire""","""Exposition itinérante, Projection""",,,,"""""","""""",,,,,,,   ,,,,,,,   ,
45.2536078,4.6698726,Drôme / Ardèche,"""Le café des langues""","""Langues, Expression artistique des personnes migrantes""","""Théâtre, Littérature / Poésie""",,,,"""""","""""",,,,Avenue Jean Moulin,07100,Annonay,Avenue Jean Moulin 07100 Annonay ,,,,Avenue Jean Moulin,07100,Annonay,Avenue Jean Moulin 07100 Annonay ,
44.7154388,5.0543684,Drôme / Ardèche,"""Réfugiés : un marché sous influence ""","""Habitat, Frontières""","""Projection, Repas partagé""",,,,"""""","""""",,,,6 rue Gustave Gresse,26400,Aouste sur Sye,6 rue Gustave Gresse 26400 Aouste sur Sye ,,,,6 rue Gustave Gresse,26400,Aouste sur Sye,6 rue Gustave Gresse 26400 Aouste sur Sye ,
44.9315125,4.8936753,Drôme / Ardèche,"""Frontières. Observer les marges pour questionner le monde""","""Frontières, Habitat, Travail…""","""Exposition""",,,,"""""","""""",,,,14 rue Louis Gallet,26000,Valence,14 rue Louis Gallet 26000 Valence ,,,,14 rue Louis Gallet,26000,Valence,14 rue Louis Gallet 26000 Valence ,
44.9327159,4.8951791,Drôme / Ardèche,"""La frontière, le voyageur et le migrant : quelques leçons à tirer de la pandémie. Avec François Héran sociologue et démographe.""","""Frontières, Hospitalité, Crise Sanitaire""","""Conférence / Table ronde""",,,,"""""","""""",,,,9 Boulevard d'Alsace,26000,Valence,9 Boulevard d'Alsace 26000 Valence ,,,,9 Boulevard d'Alsace,26000,Valence,9 Boulevard d'Alsace 26000 Valence ,
44.9315125,4.8936753,Drôme / Ardèche,"""C’est encore loin, la frontière ?""","""Frontières, Hospitalité""","""Journée d’étude, Conférence / Table ronde""",,,,"""""","""""",,,,14 rue Louis Gallet,26000,Valence,14 rue Louis Gallet 26000 Valence ,,,,14 rue Louis Gallet,26000,Valence,14 rue Louis Gallet 26000 Valence ,
45.56669780000001,5.9302001,Savoie / Haute-Savoie,"""Migrant’scène Savoie""","""""","""Festival""",,,,"""""","""""",,,,311 Fbg Montmélian,73000,Chambéry,311 Fbg Montmélian 73000 Chambéry ,,,,311 Fbg Montmélian,73000,Chambéry,311 Fbg Montmélian 73000 Chambéry ,
45.6752845,6.388577,Savoie / Haute-Savoie,"""Être d’ici, venir d’ailleurs""","""""","""Festival""",,,,"""""","""""",,,,104 rue de la république,73200,Albertville,104 rue de la république 73200 Albertville ,,,,104 rue de la république,73200,Albertville,104 rue de la république 73200 Albertville ,
45.9172018,6.1346172,Savoie / Haute-Savoie,"""Souffles""","""Expression artistique des personnes migrantes""","""Projection, Littérature / Poésie""",,,,"""""","""""",,,,2 Place Annapurna,74000,Annecy,2 Place Annapurna 74000 Annecy ,,,,2 Place Annapurna,74000,Annecy,2 Place Annapurna 74000 Annecy ,
45.6765041,6.3913138,Savoie / Haute-Savoie,"""Désobéir, Cie Les Cambrioleurs""","""Quartiers populaires""","""Exposition""",,,,"""""","""""",,,,135 place de l’Europe,73200,Albertville,135 place de l’Europe 73200 Albertville ,,,,135 place de l’Europe,73200,Albertville,135 place de l’Europe 73200 Albertville ,
45.1927768,5.727369899999999,Isère,"""Sauver, protéger, témoigner : l’engagement citoyen de SOS méditerranée""","""Frontières, Hospitalité""","""Théâtre""",,,,"""""","""""",,,,1 Rue Hector Berlioz,38000,Grenoble,1 Rue Hector Berlioz 38000 Grenoble ,,,,1 Rue Hector Berlioz,38000,Grenoble,1 Rue Hector Berlioz 38000 Grenoble ,
45.1938645,5.7327524,Isère,"""Grèce : de l’exil des Troyens au camp de réfugiés à Samos en 2020""","""Interculturalité""","""Exposition""",,,,"""""","""""",,,,57 avenue Maréchal Randon,38000,Grenoble,57 avenue Maréchal Randon 38000 Grenoble ,,,,57 avenue Maréchal Randon,38000,Grenoble,57 avenue Maréchal Randon 38000 Grenoble ,
45.1530815,5.3190691,Isère,"""Horizon Légende, Pauline Guillerm""","""""","""Exposition""",,,,"""""","""""",,,,1 Boulevard du Champ de Mars,38160,Saint-Marcellin,1 Boulevard du Champ de Mars 38160 Saint-Marcellin ,,,,1 Boulevard du Champ de Mars,38160,Saint-Marcellin,1 Boulevard du Champ de Mars 38160 Saint-Marcellin ,
45.1895552,5.7333045,Isère,"""Le Mois de la Photo""","""Mémoires des migrations, Identités""","""Dégustation de vins et de mots, Lecture, Théâtre, Autre""",,,,"""""","""""",,,,9 Place de Verdun,38000,Grenoble,9 Place de Verdun 38000 Grenoble ,,,,9 Place de Verdun,38000,Grenoble,9 Place de Verdun 38000 Grenoble ,
45.1867111,5.723572,Isère,"""Picture, Madame, Picture, fragments d'identité""","""Expression artistique des personnes migrantes""","""Exposition""",,,,"""""","""""",,,,6 rue Lakanal,38000,Grenoble,6 rue Lakanal 38000 Grenoble ,,,,6 rue Lakanal,38000,Grenoble,6 rue Lakanal 38000 Grenoble ,
45.1867111,5.723572,Isère,"""Librairie éphémère autour des Migrations""","""""","""Exposition""",,,,"""""","""""",,,,6 rue Lakanal,38000,Grenoble,6 rue Lakanal 38000 Grenoble ,,,,6 rue Lakanal,38000,Grenoble,6 rue Lakanal 38000 Grenoble ,
45.3100093,5.887561799999999,Isère,"""Sonographies / Paysages traversés, De l’exil à la mobilité, la mutation des enjeux territoriaux""","""""","""Exposition d’ouvrages""",,,,"""""","""""",,,,23 chemin du pal de fer,38660,Plateau des Petites-Roche,23 chemin du pal de fer 38660 Plateau des Petites-Roche ,,,,23 chemin du pal de fer,38660,Plateau des Petites-Roche,23 chemin du pal de fer 38660 Plateau des Petites-Roche ,
45.3377778,5.8986111,Isère,"""Sonographies / Mémoires d’exil""","""Trajectoires d’exil – résonance entre récits d'exils anciens et contemporains.""","""Exposition, Danse/ Performance""",,,,"""""","""""",,,,70 rue des 22 martyrs,38660,Plateau des Petites-Roche,70 rue des 22 martyrs 38660 Plateau des Petites-Roche ,,,,70 rue des 22 martyrs,38660,Plateau des Petites-Roche,70 rue des 22 martyrs 38660 Plateau des Petites-Roche ,
45.188581,5.737343999999999,Isère,"""Debycratie, de Aboubakar Sow""","""Expression artistique des personnes migrantes""","""Lecture, Repas""",,,,"""""","""""",,,,5 place Bir Hakeim,38000,Grenoble,5 place Bir Hakeim 38000 Grenoble ,,,,5 place Bir Hakeim,38000,Grenoble,5 place Bir Hakeim 38000 Grenoble ,
45.1910934,5.7676032,Isère,"""LUTTES EN PARTAGE""","""Habitat, Luttes""","""Projection, Débat""",,,,"""""","""""",,,,701 avenue centrale,38400,Saint Martin d'Hères,701 avenue centrale 38400 Saint Martin d'Hères ,,,,701 avenue centrale,38400,Saint Martin d'Hères,701 avenue centrale 38400 Saint Martin d'Hères ,
45.1530815,5.3190691,Isère,"""Sur la route de l’exil""","""Travail, Habitat, Hospitalité""","""Projection, Débat""",,,,"""""","""""",,,,1 Boulevard du Champ de Mars,38160,Saint-Marcellin,1 Boulevard du Champ de Mars 38160 Saint-Marcellin ,,,,1 Boulevard du Champ de Mars,38160,Saint-Marcellin,1 Boulevard du Champ de Mars 38160 Saint-Marcellin ,
45.1530815,5.3190691,Isère,"""Là où vont nos pères""","""""","""Table ronde, Exposition, Conférence""",,,,"""""","""""",,,,1 Boulevard du Champ de Mars,38160,Saint-Marcellin,1 Boulevard du Champ de Mars 38160 Saint-Marcellin ,,,,1 Boulevard du Champ de Mars,38160,Saint-Marcellin,1 Boulevard du Champ de Mars 38160 Saint-Marcellin ,
45.1641585,5.732971800000001,Isère,"""Le Voyage de Roméo ""","""Expression artistique des personnes migrantes""","""BD Concert""",,,,"""""","""""",,,,97 Galerie de l’Arlequin,38100,Grenoble,97 Galerie de l’Arlequin 38100 Grenoble ,,,,97 Galerie de l’Arlequin,38100,Grenoble,97 Galerie de l’Arlequin 38100 Grenoble ,
,,Isère,"""Projection documentaires Migrant’Scène""","""Solidarité, Frontières""","""Danse/ Performance""",,,,"""""","""""",,,,,,,   ,,,,,,,   ,
45.1633848,5.7273782,Isère,"""Ma Nostalgie ""","""Expression artistique des personnes migrantes""","""Théâtre""",,,,"""""","""""",,,,7 rue Henry Duhame,38100,Grenoble,7 rue Henry Duhame 38100 Grenoble ,,,,7 rue Henry Duhame,38100,Grenoble,7 rue Henry Duhame 38100 Grenoble ,
45.1653847,5.7322962,Isère,"""Histoire(s) de musulmans et de juifs du Maghreb""","""""","""Projection, Débat""",,,,"""""","""""",,,,47 Galerie de l'Arlequin,38100,Grenoble,47 Galerie de l'Arlequin 38100 Grenoble ,,,,47 Galerie de l'Arlequin,38100,Grenoble,47 Galerie de l'Arlequin 38100 Grenoble ,
45.1698724,5.7378664,Isère,"""TARA JAN TRIO, Au cœur de l’intime… ""","""Expression artistique des personnes migrantes""","""Concert""",,,,"""""","""""",,,,6 av Malherbe,38100,Grenoble,6 av Malherbe 38100 Grenoble ,,,,6 av Malherbe,38100,Grenoble,6 av Malherbe 38100 Grenoble ,
,,Isère,"""Ceux qui marchent encore – Des années immigrées, aux années banlieues, 30 ans de luttes pour l'égalité""","""Quartiers populaires, Luttes""","""Exposition""",,,,"""""","""""",,,,,,,   ,,,,,,,   ,
45.063477,5.33937,Isère,"""Traversée""","""""","""Théâtre""",,,,"""""","""""",,,,Aux Priolées,38680,Pont en Royans,Aux Priolées 38680 Pont en Royans ,,,,Aux Priolées,38680,Pont en Royans,Aux Priolées 38680 Pont en Royans ,
,,Isère,"""S’hab la ZUP - Histoires et mémoires de luttes des quartiers populaires""","""Habitat, Quartiers populaires, Luttes""","""Projection, Débat""",,,,"""""","""""",,,,,,,   ,,,,,,,   ,
45.1641585,5.732971800000001,Isère,"""Une fin d’année aux couleurs de la diversité culturelle sénégalaise""","""""","""Conférence / Table ronde, Projection, Concert, Danse/ Performance, Exposition""",,,,"""""","""""",,,,97 Galerie de l’Arlequin,38100,Grenoble,97 Galerie de l’Arlequin 38100 Grenoble ,,,,97 Galerie de l’Arlequin,38100,Grenoble,97 Galerie de l’Arlequin 38100 Grenoble ,
45.1746636,5.5410895,Isère,"""Festival International du Projection de Montagne d'Autrans""","""Frontières, Solidarité""","""Projection, Débat""",,,,"""""","""""",,,,50 Rue du Cinema ,38880 ,Autrans,50 Rue du Cinema  38880  Autrans ,,,,50 Rue du Cinema ,38880 ,Autrans,50 Rue du Cinema  38880  Autrans ,
45.1849362,5.7047173,Isère,"""SOIRÉE DE CLÔTURE DE LA BIENNALE TRACES""","""""","""Rencontre, Théâtre, Conférence / Table ronde, Projection, Repas, Concert""",,,,"""""","""""",,,,19 rue des Arts et Métiers,,Grenoble,19 rue des Arts et Métiers  Grenoble ,,,,19 rue des Arts et Métiers,,Grenoble,19 rue des Arts et Métiers  Grenoble ,